{"schema":6,"addons":[{"id":"langpack-ru@firefox.mozilla.org","icons":{"32":"https://addons.cdn.mozilla.net/static/img/addon-icons/default-32.png","64":"https://addons.cdn.mozilla.net/static/img/addon-icons/default-64.png","128":"https://addons.cdn.mozilla.net/static/img/addon-icons/default-128.png"},"name":"Russian (RU) Language Pack","version":"89.0buildid20210509185840","sourceURI":"https://addons.mozilla.org/firefox/downloads/file/3773499/russian_ru_language_pack-89.0buildid20210509185840-fx.xpi","homepageURL":null,"supportURL":null,"description":"Russian (RU) Language Pack","fullDescription":null,"weeklyDownloads":212,"type":"locale","creator":{"name":"Mozilla Firefox","url":"https://addons.mozilla.org/ru/firefox/user/4757633/"},"developers":[],"screenshots":[],"contributionURL":"","averageRating":4.311,"reviewCount":45,"reviewURL":"https://addons.mozilla.org/ru/firefox/addon/russian-ru-language-pack/reviews/","updateDate":1620595544000},{"id":"ru@dictionaries.addons.mozilla.org","icons":{"32":"https://addons.cdn.mozilla.net/static/img/addon-icons/default-32.png","64":"https://addons.cdn.mozilla.net/static/img/addon-icons/default-64.png","128":"https://addons.cdn.mozilla.net/static/img/addon-icons/default-128.png"},"name":"Русский словарь проверки орфографии","version":"0.4.5.1webext","sourceURI":"https://addons.mozilla.org/firefox/downloads/file/1163927/russian_spellchecking_dictionary-0.4.5.1webext.xpi","homepageURL":"http://www.mozilla-russia.org","supportURL":"http://forum.mozilla-russia.org/viewtopic.php?id=25691","description":"Русский словарь проверки орфографии","fullDescription":"Словарь подготовлен в рамках подпроекта OpenOffice:Lingucomponent:Spell Checking / Dictionaries. Содержимое этого словаря ничем не отличается от орфографического словаря, разработанного для ispell Александром Лебедевым. По сути, это тот же словарь, в котором набор слов и affix-файл представлены в виде, пригодном для обработки myspell. При сборке настоящего пакета использован набор слов и affix-файл из пакета rus-ispell.tar.gz версии 0.99g5, содержащего свыше 139 тысяч базовых слов и более 1.367 миллиона словоформ. При подготовке affix-файла русского словаря для MySpell приняли участие Анатолий Кирсанов, Александр Рабцевич и Александр Лебедев.\n\nЭтот словарь уже включён в русские сборки Mozilla Firefox версии 3.0.4 и выше. Если вы используете русскую сборку Mozilla Firefox 3.0.4 или выше, вам не нужно ставить это расширение.","weeklyDownloads":196,"type":"dictionary","creator":{"name":"Alexander Slovesnik","url":"https://addons.mozilla.org/ru/firefox/user/33236/"},"developers":[],"screenshots":[],"contributionURL":"","averageRating":4.9275,"reviewCount":5,"reviewURL":"https://addons.mozilla.org/ru/firefox/addon/russian-spellchecking-dic-3703/reviews/","updateDate":1543433820000}]}