{"chrome://browser/content/browser.xhtml":{"main-window":{"sizemode":"maximized","screenX":"0","screenY":"0","width":"921","height":"515"}},"chrome://browser/content/places/places.xhtml":{"placesContentTags":{"ordinal":"3"},"placesContentUrl":{"ordinal":"5"},"placesContentDate":{"ordinal":"7"},"placesContentVisitCount":{"ordinal":"9"},"placesContentDateAdded":{"ordinal":"11"},"placesContentLastModified":{"ordinal":"13"},"places":{"screenX":"0","screenY":"0","width":"700","height":"500","sizemode":"normal"}},"chrome://global/content/pictureinpicture/player.xhtml":{"picture-in-picture":{"left":"910","top":"485","width":"455","height":"256"}}}